grupo,n,mediana_h,media_h,std_h,IQR_h,p90_h,mannwhitney_p
change_like,6004,1.0,4.36748417721519,16.979989403885394,2.5,8.0,0.5747746150843409
no_change_like,17182,1.0,4.503841423194816,19.90338542603879,2.6666666666666665,8.0,0.5747746150843409
