is_change_like,count,median,mean,std
0,17182,1.0,4.503841423194816,19.9033854260388
1,6004,1.0,4.36748417721519,16.979989403885433
